mae,rmse,r2,spearman_rho,sequences,frames,new_track_events,positive_risk_frames
5.931460229073755,9.77157555353564,-0.4801408145738495,0.11935543194906818,7,2846,266,2671
