fold,test_sequence,train_frames,test_frames,train_sequences,ai_threshold_1_to_5,ai_threshold_5_to_10,ai_threshold_10_to_20,visual_threshold_1_to_5,visual_threshold_5_to_10,visual_threshold_10_to_20
1,uav0000086_00000_v,2382,464,6,2.0594206345017416,5.717518143573092,13.721658673361448,1.2891249999999999,2.8527013888888875,7.989638888888891
2,uav0000117_02622_v,2497,349,6,2.012966302233417,4.759565931702668,12.029754178118353,1.4159166666666667,2.323694444444444,7.236666666666668
3,uav0000137_00458_v,2613,233,6,2.0287984589099457,4.564775914865623,11.680341661392175,1.3418611111111112,2.3177777777777777,6.374361111111115
4,uav0000182_00000_v,2483,363,6,1.921891186975097,4.280450852692528,7.955911424755594,1.2924861111111112,2.003638888888889,3.921458333333335
5,uav0000268_05773_v,1868,978,6,3.9488109419370034,7.254375487935866,15.022888880679501,1.9251666666666665,4.28461111111111,9.7528125
6,uav0000305_00000_v,2662,184,6,2.1046660401568515,5.055464226146182,12.559954701749893,1.386472222222222,2.5651180555555553,6.651701388888889
7,uav0000339_00001_v,2571,275,6,2.260519308700097,5.241328582868091,13.478751918353856,1.4513888888888888,2.51423611111111,7.34375
