sequence,frames,new_track_events,new_tracks,mean_objects,positive_risk_frames
uav0000086_00000_v,464,41,45,49.105603448275865,425
uav0000117_02622_v,349,30,119,45.710601719197705,339
uav0000137_00458_v,233,34,55,82.95708154506438,232
uav0000182_00000_v,363,80,114,41.96694214876033,361
uav0000268_05773_v,978,40,42,13.36196319018405,874
uav0000305_00000_v,184,24,31,33.52717391304348,183
uav0000339_00001_v,275,17,23,36.67272727272727,257
