feature,importance
mean_intensity,0.2477821651532229
std_intensity,0.22758408870359428
entropy,0.21634991948441254
motion_score,0.18406918976692876
edge_density,0.12421463689184155
